{"v":"4.8.0","meta":{"g":"LottieFiles AE 1.1.0","a":"","k":"","d":"","tc":"#ffffff"},"fr":60,"ip":2,"op":480,"w":600,"h":600,"nm":"Protecting","ddd":0,"assets":[{"id":"comp_0","layers":[{"ddd":0,"ind":1,"ty":3,"nm":"Null 1","sr":1,"ks":{"o":{"a":0,"k":0,"ix":11},"r":{"a":0,"k":0,"ix":10},"p":{"a":1,"k":[{"i":{"x":0.272,"y":1},"o":{"x":0.547,"y":0},"t":27,"s":[300,615,0],"to":[0,-52.5,0],"ti":[0,52.5,0]},{"t":78,"s":[300,300,0]}],"ix":2},"a":{"a":0,"k":[0,0,0],"ix":1},"s":{"a":0,"k":[100,100,100],"ix":6}},"ao":0,"ip":0,"op":480,"st":0,"bm":0},{"ddd":0,"ind":2,"ty":4,"nm":"pp Outlines","parent":5,"sr":1,"ks":{"o":{"a":0,"k":100,"ix":11},"r":{"a":0,"k":0,"ix":10},"p":{"a":0,"k":[300,300,0],"ix":2},"a":{"a":0,"k":[300,300,0],"ix":1},"s":{"a":0,"k":[100,100,100],"ix":6}},"ao":0,"shapes":[{"ty":"gr","it":[{"ind":0,"ty":"sh","ix":1,"ks":{"a":0,"k":{"i":[[-7.568,-6.642],[14.248,0],[5.591,12.148],[-12.974,0]],"o":[[-5.592,12.148],[-14.249,0],[7.568,-6.642],[12.974,0]],"v":[[32.119,-4.846],[0,15.735],[-32.119,-4.846],[0,-15.735]],"c":true},"ix":2},"nm":"Path 1","mn":"ADBE Vector Shape - Group","hd":false},{"ty":"fl","c":{"a":0,"k":[1,1,1,1],"ix":4},"o":{"a":0,"k":100,"ix":5},"r":1,"bm":0,"nm":"Fill 1","mn":"ADBE Vector Graphic - Fill","hd":false},{"ty":"tr","p":{"a":0,"k":[300,352.344],"ix":2},"a":{"a":0,"k":[0,0],"ix":1},"s":{"a":0,"k":[100,100],"ix":3},"r":{"a":0,"k":0,"ix":6},"o":{"a":0,"k":100,"ix":7},"sk":{"a":0,"k":0,"ix":4},"sa":{"a":0,"k":0,"ix":5},"nm":"Transform"}],"nm":"Group 1","np":4,"cix":2,"bm":0,"ix":1,"mn":"ADBE Vector Group","hd":false},{"ty":"gr","it":[{"ind":0,"ty":"sh","ix":1,"ks":{"a":0,"k":{"i":[[0,-7.891],[7.891,0],[0,7.891],[-7.891,0]],"o":[[0,7.891],[-7.891,0],[0,-7.891],[7.891,0]],"v":[[14.287,0],[0,14.287],[-14.287,0],[0,-14.287]],"c":true},"ix":2},"nm":"Path 1","mn":"ADBE Vector Shape - Group","hd":false},{"ty":"fl","c":{"a":0,"k":[1,1,1,1],"ix":4},"o":{"a":0,"k":100,"ix":5},"r":1,"bm":0,"nm":"Fill 1","mn":"ADBE Vector Graphic - Fill","hd":false},{"ty":"tr","p":{"a":1,"k":[{"i":{"x":0.816,"y":0.613},"o":{"x":0.722,"y":0},"t":58,"s":[300,316.916],"to":[-0.587,0],"ti":[1.757,0]},{"i":{"x":0.376,"y":1},"o":{"x":0.159,"y":0.442},"t":72,"s":[295.594,318.916],"to":[-1.736,0],"ti":[-0.58,0]},{"i":{"x":0.87,"y":0.566},"o":{"x":0.668,"y":0},"t":86,"s":[293,316.916],"to":[0.485,0],"ti":[-2.606,0]},{"i":{"x":0.194,"y":1},"o":{"x":0.158,"y":0.346},"t":100,"s":[298.391,318.916],"to":[3.662,0],"ti":[-0.682,0]},{"i":{"x":0.867,"y":0.583},"o":{"x":0.757,"y":0},"t":114,"s":[307,316.916],"to":[0.682,0],"ti":[2.102,0]},{"i":{"x":0.271,"y":1},"o":{"x":0.125,"y":0.431},"t":126,"s":[303.472,318.916],"to":[-1.495,0],"ti":[0.485,0]},{"t":138,"s":[300,316.916]}],"ix":2},"a":{"a":0,"k":[0,0],"ix":1},"s":{"a":0,"k":[100,100],"ix":3},"r":{"a":0,"k":0,"ix":6},"o":{"a":0,"k":100,"ix":7},"sk":{"a":0,"k":0,"ix":4},"sa":{"a":0,"k":0,"ix":5},"nm":"Transform"}],"nm":"Group 2","np":4,"cix":2,"bm":0,"ix":2,"mn":"ADBE Vector Group","hd":false},{"ty":"gr","it":[{"ind":0,"ty":"sh","ix":1,"ks":{"a":0,"k":{"i":[[0,-21.539],[21.539,0],[0,21.539],[-21.539,0]],"o":[[0,21.539],[-21.539,0],[0,-21.539],[21.539,0]],"v":[[39,0],[0,39],[-39,0],[0,-39]],"c":true},"ix":2},"nm":"Path 1","mn":"ADBE Vector Shape - Group","hd":false},{"ty":"fl","c":{"a":0,"k":[0,0,0,1],"ix":4},"o":{"a":0,"k":100,"ix":5},"r":1,"bm":0,"nm":"Fill 1","mn":"ADBE Vector Graphic - Fill","hd":false},{"ty":"tr","p":{"a":0,"k":[300,332.748],"ix":2},"a":{"a":0,"k":[0,0],"ix":1},"s":{"a":0,"k":[100,100],"ix":3},"r":{"a":0,"k":0,"ix":6},"o":{"a":0,"k":38,"ix":7},"sk":{"a":0,"k":0,"ix":4},"sa":{"a":0,"k":0,"ix":5},"nm":"Transform"}],"nm":"Group 3","np":4,"cix":2,"bm":0,"ix":3,"mn":"ADBE Vector Group","hd":false}],"ip":0,"op":510,"st":30,"bm":0},{"ddd":0,"ind":3,"ty":4,"nm":"tic Outlines","parent":5,"sr":1,"ks":{"o":{"a":0,"k":100,"ix":11},"r":{"a":0,"k":0,"ix":10},"p":{"a":0,"k":[300,299.964,0],"ix":2},"a":{"a":0,"k":[300,300,0],"ix":1},"s":{"a":0,"k":[100,100,100],"ix":6}},"ao":0,"shapes":[{"ty":"gr","it":[{"ind":0,"ty":"sh","ix":1,"ks":{"a":0,"k":{"i":[[0,0],[0,0],[0,0]],"o":[[0,0],[0,0],[0,0]],"v":[[-33,0.459],[-11.314,22.5],[33,-22.5]],"c":false},"ix":2},"nm":"Path 1","mn":"ADBE Vector Shape - Group","hd":false},{"ty":"tm","s":{"a":0,"k":0,"ix":1},"e":{"a":1,"k":[{"i":{"x":[0.334],"y":[1]},"o":{"x":[0.591],"y":[0]},"t":131,"s":[0]},{"t":152,"s":[100]}],"ix":2},"o":{"a":0,"k":0,"ix":3},"m":1,"ix":2,"nm":"Trim Paths 1","mn":"ADBE Vector Filter - Trim","hd":false},{"ty":"st","c":{"a":0,"k":[0.039000002543,0.917999985639,0.243000000598,1],"ix":3},"o":{"a":0,"k":100,"ix":4},"w":{"a":0,"k":18,"ix":5},"lc":3,"lj":1,"ml":4,"bm":0,"nm":"Stroke 1","mn":"ADBE Vector Graphic - Stroke","hd":false},{"ty":"tr","p":{"a":0,"k":[358,236.466],"ix":2},"a":{"a":0,"k":[0,0],"ix":1},"s":{"a":0,"k":[100,100],"ix":3},"r":{"a":0,"k":0,"ix":6},"o":{"a":0,"k":100,"ix":7},"sk":{"a":0,"k":0,"ix":4},"sa":{"a":0,"k":0,"ix":5},"nm":"Transform"}],"nm":"Group 1","np":3,"cix":2,"bm":0,"ix":1,"mn":"ADBE Vector Group","hd":false}],"ip":128,"op":608,"st":128,"bm":0},{"ddd":0,"ind":4,"ty":0,"nm":"Pre-comp 1","parent":5,"refId":"comp_1","sr":1,"ks":{"o":{"a":0,"k":100,"ix":11},"r":{"a":0,"k":0,"ix":10},"p":{"a":0,"k":[300,345.999,0],"ix":2},"a":{"a":0,"k":[300,300,0],"ix":1},"s":{"a":0,"k":[100,100,100],"ix":6}},"ao":0,"tm":{"a":1,"k":[{"i":{"x":[0.667],"y":[1]},"o":{"x":[0.333],"y":[0]},"t":60,"s":[0]},{"i":{"x":[0.833],"y":[0.833]},"o":{"x":[0.333],"y":[0]},"t":178,"s":[1.967]},{"t":540,"s":[8]}],"ix":2},"w":600,"h":600,"ip":60,"op":540,"st":60,"bm":0},{"ddd":0,"ind":5,"ty":4,"nm":"lock Outlines","parent":1,"sr":1,"ks":{"o":{"a":0,"k":100,"ix":11},"r":{"a":0,"k":0,"ix":10},"p":{"a":1,"k":[{"i":{"x":0.464,"y":0.228},"o":{"x":0.773,"y":0},"t":126,"s":[0,0,0],"to":[0,0,0],"ti":[0,0,0]},{"i":{"x":0.358,"y":0.588},"o":{"x":0.555,"y":0.356},"t":137,"s":[0,7,0],"to":[0,0,0],"ti":[0,0,0]},{"i":{"x":0.355,"y":1},"o":{"x":0.258,"y":0.473},"t":144,"s":[0,-3,0],"to":[0,0,0],"ti":[0,0,0]},{"t":150,"s":[0,0,0]}],"ix":2},"a":{"a":0,"k":[300,300,0],"ix":1},"s":{"a":0,"k":[100,100,100],"ix":6}},"ao":0,"shapes":[{"ty":"gr","it":[{"ind":0,"ty":"sh","ix":1,"ks":{"a":0,"k":{"i":[[0,0],[0,67.4],[0,0],[-26.03,0],[0,0],[-25.021,-7.169],[0,0],[48.16,-27.6]],"o":[[-48.16,-27.6],[0,0],[25.02,-7.169],[0,0],[26.03,0],[0,0],[0,67.4],[0,0]],"v":[[0.04,76.145],[-77.04,-56.685],[-77.04,-65.395],[0.04,-76.145],[-0.04,-76.145],[77.04,-65.395],[77.04,-56.685],[-0.04,76.145]],"c":false},"ix":2},"nm":"Path 1","mn":"ADBE Vector Shape - Group","hd":false},{"ty":"fl","c":{"a":0,"k":[0.325,0.388000009574,0.957000014361,1],"ix":4},"o":{"a":0,"k":100,"ix":5},"r":1,"bm":0,"nm":"Fill 1","mn":"ADBE Vector Graphic - Fill","hd":false},{"ty":"tr","p":{"a":0,"k":[300,347.25],"ix":2},"a":{"a":0,"k":[0,0],"ix":1},"s":{"a":0,"k":[100,100],"ix":3},"r":{"a":0,"k":0,"ix":6},"o":{"a":0,"k":100,"ix":7},"sk":{"a":0,"k":0,"ix":4},"sa":{"a":0,"k":0,"ix":5},"nm":"Transform"}],"nm":"Group 1","np":4,"cix":2,"bm":0,"ix":1,"mn":"ADBE Vector Group","hd":false},{"ty":"gr","it":[{"ty":"gr","it":[{"ind":0,"ty":"sh","ix":1,"ks":{"a":0,"k":{"i":[[0,0],[0,0],[-25.895,0],[0,-25.895],[0,0]],"o":[[0,0],[0,-25.895],[25.896,0],[0,0],[0,0]],"v":[[253.112,327.966],[253.112,244.913],[300,198.025],[346.889,244.913],[346.889,284.966]],"c":false},"ix":2},"nm":"Path 1","mn":"ADBE Vector Shape - Group","hd":false},{"ty":"tr","p":{"a":1,"k":[{"i":{"x":0.478,"y":1},"o":{"x":0,"y":0},"t":43,"s":[-45,-31],"to":[0,0],"ti":[0,0]},{"i":{"x":0.806,"y":1},"o":{"x":0.347,"y":0},"t":58,"s":[-45,-38],"to":[0,0],"ti":[0,0]},{"i":{"x":0.511,"y":0.511},"o":{"x":0.591,"y":0.591},"t":82,"s":[-45,-31],"to":[0,0],"ti":[0,0]},{"i":{"x":0.667,"y":0.667},"o":{"x":0.333,"y":0.333},"t":111,"s":[-45,-31],"to":[0,0],"ti":[0,0]},{"i":{"x":0.198,"y":1},"o":{"x":0.486,"y":0},"t":119,"s":[-45,-31],"to":[0,5.167],"ti":[0,-5.167]},{"t":137,"s":[-45,0]}],"ix":2},"a":{"a":0,"k":[255,262.995],"ix":1},"s":{"a":1,"k":[{"i":{"x":[0.511,0.667],"y":[1,1]},"o":{"x":[0.591,0.333],"y":[0,0]},"t":82,"s":[-58,100]},{"i":{"x":[0.667,0.667],"y":[1,1]},"o":{"x":[0.333,0.333],"y":[0,0]},"t":111,"s":[100,100]},{"i":{"x":[0.198,0.667],"y":[1,1]},"o":{"x":[0.486,0.333],"y":[0,0]},"t":119,"s":[100,100]},{"t":137,"s":[100,100]}],"ix":3},"r":{"a":0,"k":0,"ix":6},"o":{"a":0,"k":100,"ix":7},"sk":{"a":0,"k":0,"ix":4},"sa":{"a":0,"k":0,"ix":5},"nm":"Transform"}],"nm":"Group 1","np":1,"cix":2,"bm":0,"ix":1,"mn":"ADBE Vector Group","hd":false},{"ty":"st","c":{"a":0,"k":[0.666999966491,0.681999954523,0.74900004069,1],"ix":3},"o":{"a":0,"k":100,"ix":4},"w":{"a":0,"k":18,"ix":5},"lc":1,"lj":1,"ml":10,"bm":0,"nm":"Stroke 1","mn":"ADBE Vector Graphic - Stroke","hd":false},{"ty":"tr","p":{"a":0,"k":[300,262.995],"ix":2},"a":{"a":0,"k":[0,0],"ix":1},"s":{"a":0,"k":[100,100],"ix":3},"r":{"a":0,"k":0,"ix":6},"o":{"a":0,"k":100,"ix":7},"sk":{"a":0,"k":0,"ix":4},"sa":{"a":0,"k":0,"ix":5},"nm":"Transform"}],"nm":"Group 2","np":2,"cix":2,"bm":0,"ix":2,"mn":"ADBE Vector Group","hd":false}],"ip":0,"op":510,"st":30,"bm":0}]},{"id":"comp_1","layers":[{"ddd":0,"ind":1,"ty":4,"nm":"effects Outlines 2","sr":1,"ks":{"o":{"a":0,"k":100,"ix":11},"r":{"a":0,"k":0,"ix":10},"p":{"a":0,"k":[300,300,0],"ix":2},"a":{"a":0,"k":[498,312.059,0],"ix":1},"s":{"a":1,"k":[{"i":{"x":[0.667,0.667,0.667],"y":[1,1,1]},"o":{"x":[0.333,0.333,0.333],"y":[0,0,0]},"t":43,"s":[100,106.75,100]},{"t":89,"s":[113,100,100]}],"ix":6}},"ao":0,"hasMask":true,"masksProperties":[{"inv":false,"mode":"a","pt":{"a":1,"k":[{"i":{"x":0.667,"y":0.122},"o":{"x":0.167,"y":0},"t":43,"s":[{"i":[[0,0],[-2.168,11.823],[-87.972,-0.722],[4.517,-56.488],[0,0],[34.501,0.652]],"o":[[0,0],[11.189,-61.01],[84.04,0.69],[-2.227,27.851],[0,0],[-36.5,-0.69]],"v":[[397.08,260.29],[392.811,337.004],[497.96,245.327],[605.483,332.482],[611,261.696],[501.5,228.909]],"c":true}]},{"i":{"x":0.833,"y":1},"o":{"x":0.333,"y":0.878},"t":66,"s":[{"i":[[0,0],[-15.811,-27.755],[-13.54,-0.69],[-12.245,21.114],[0,0],[34.501,0.652]],"o":[[0,0],[11.014,19.334],[13.54,0.69],[14.017,-24.169],[0,0],[-36.5,-0.69]],"v":[[426.58,261.227],[445.311,329.041],[497.46,380.222],[547.483,333.418],[568,257.949],[498,247.176]],"c":true}]},{"t":89,"s":[{"i":[[0,0],[0,0],[0,0],[0,0],[0,0],[25.5,-0.247]],"o":[[0,0],[0,0],[0,0],[0,0],[0,0],[-25.5,0.247]],"v":[[468.08,376.45],[481.778,378.208],[497.46,380.222],[515.082,377.604],[526,375.981],[497.5,374.576]],"c":true}]}],"ix":1},"o":{"a":0,"k":100,"ix":3},"x":{"a":0,"k":0,"ix":4},"nm":"Mask 1"}],"shapes":[{"ty":"gr","it":[{"ind":0,"ty":"sh","ix":1,"ks":{"a":0,"k":{"i":[[0,0],[0,52.457],[0,0],[-20.259,0],[0,0],[-19.473,-5.58],[0,0],[37.482,-21.48]],"o":[[-37.482,-21.48],[0,0],[19.472,-5.58],[0,0],[20.258,0],[0,0],[0,52.457],[0,0]],"v":[[0.031,59.263],[-59.96,-44.118],[-59.96,-50.897],[0.031,-59.263],[-0.031,-59.263],[59.96,-50.897],[59.96,-44.118],[-0.031,59.263]],"c":false},"ix":2},"nm":"Path 1","mn":"ADBE Vector Shape - Group","hd":false},{"ty":"mm","mm":4,"nm":"Merge Paths 1","mn":"ADBE Vector Filter - Merge","hd":false},{"ty":"fl","c":{"a":0,"k":[0.224000006914,0.844799816608,1,1],"ix":4},"o":{"a":0,"k":100,"ix":5},"r":1,"bm":0,"nm":"Fill 1","mn":"ADBE Vector Graphic - Fill","hd":false},{"ty":"tr","p":{"a":0,"k":[498,312.059],"ix":2},"a":{"a":0,"k":[0,0],"ix":1},"s":{"a":0,"k":[100,100],"ix":3},"r":{"a":0,"k":0,"ix":6},"o":{"a":0,"k":100,"ix":7},"sk":{"a":0,"k":0,"ix":4},"sa":{"a":0,"k":0,"ix":5},"nm":"Transform"}],"nm":"Group 2","np":3,"cix":2,"bm":0,"ix":1,"mn":"ADBE Vector Group","hd":false}],"ip":0,"op":480,"st":0,"bm":0},{"ddd":0,"ind":2,"ty":4,"nm":"effects Outlines","sr":1,"ks":{"o":{"a":0,"k":100,"ix":11},"r":{"a":0,"k":0,"ix":10},"p":{"a":0,"k":[300,300,0],"ix":2},"a":{"a":0,"k":[498,312.059,0],"ix":1},"s":{"a":1,"k":[{"i":{"x":[0.667,0.667,0.667],"y":[1,1,1]},"o":{"x":[0.333,0.333,0.333],"y":[0,0,0]},"t":0,"s":[100,106.75,100]},{"t":50,"s":[113,100,100]}],"ix":6}},"ao":0,"hasMask":true,"masksProperties":[{"inv":false,"mode":"a","pt":{"a":1,"k":[{"i":{"x":0.667,"y":0.122},"o":{"x":0.569,"y":0},"t":0,"s":[{"i":[[0,0],[0,0],[0,0],[0,0],[0,0],[25.5,-0.247]],"o":[[0,0],[0,0],[0,0],[0,0],[0,0],[-25.5,0.247]],"v":[[468.08,376.45],[481.778,378.208],[497.46,380.222],[515.082,377.604],[526,375.981],[497.5,374.576]],"c":true}]},{"i":{"x":0.413,"y":1},"o":{"x":0.333,"y":0.878},"t":25,"s":[{"i":[[0,0],[-15.811,-27.755],[-13.54,-0.69],[-12.245,21.114],[0,0],[34.501,0.652]],"o":[[0,0],[11.014,19.334],[13.54,0.69],[14.017,-24.169],[0,0],[-36.5,-0.69]],"v":[[426.58,261.227],[445.311,329.041],[497.46,380.222],[547.483,333.418],[568,257.949],[498,247.176]],"c":true}]},{"t":50,"s":[{"i":[[0,0],[-2.168,11.823],[-87.972,-0.722],[4.517,-56.488],[0,0],[34.501,0.652]],"o":[[0,0],[11.189,-61.01],[84.04,0.69],[-2.227,27.851],[0,0],[-36.5,-0.69]],"v":[[397.08,260.29],[392.811,337.004],[497.96,245.327],[605.483,332.482],[611,261.696],[501.5,228.909]],"c":true}]}],"ix":1},"o":{"a":0,"k":100,"ix":3},"x":{"a":0,"k":0,"ix":4},"nm":"Mask 1"}],"shapes":[{"ty":"gr","it":[{"ind":0,"ty":"sh","ix":1,"ks":{"a":0,"k":{"i":[[0,0],[0,52.457],[0,0],[-20.259,0],[0,0],[-19.473,-5.58],[0,0],[37.482,-21.48]],"o":[[-37.482,-21.48],[0,0],[19.472,-5.58],[0,0],[20.258,0],[0,0],[0,52.457],[0,0]],"v":[[0.031,59.263],[-59.96,-44.118],[-59.96,-50.897],[0.031,-59.263],[-0.031,-59.263],[59.96,-50.897],[59.96,-44.118],[-0.031,59.263]],"c":false},"ix":2},"nm":"Path 1","mn":"ADBE Vector Shape - Group","hd":false},{"ty":"mm","mm":4,"nm":"Merge Paths 1","mn":"ADBE Vector Filter - Merge","hd":false},{"ty":"fl","c":{"a":0,"k":[0.224000006914,0.844799816608,1,1],"ix":4},"o":{"a":0,"k":100,"ix":5},"r":1,"bm":0,"nm":"Fill 1","mn":"ADBE Vector Graphic - Fill","hd":false},{"ty":"tr","p":{"a":0,"k":[498,312.059],"ix":2},"a":{"a":0,"k":[0,0],"ix":1},"s":{"a":0,"k":[100,100],"ix":3},"r":{"a":0,"k":0,"ix":6},"o":{"a":0,"k":100,"ix":7},"sk":{"a":0,"k":0,"ix":4},"sa":{"a":0,"k":0,"ix":5},"nm":"Transform"}],"nm":"Group 2","np":3,"cix":2,"bm":0,"ix":1,"mn":"ADBE Vector Group","hd":false}],"ip":0,"op":480,"st":0,"bm":0}]}],"layers":[{"ddd":0,"ind":1,"ty":0,"nm":"content","refId":"comp_0","sr":1,"ks":{"o":{"a":1,"k":[{"i":{"x":[0.667],"y":[1]},"o":{"x":[0.333],"y":[0]},"t":48,"s":[0]},{"t":59,"s":[100]}],"ix":11},"r":{"a":0,"k":0,"ix":10},"p":{"a":0,"k":[300,300,0],"ix":2},"a":{"a":0,"k":[300,300,0],"ix":1},"s":{"a":0,"k":[100,100,100],"ix":6}},"ao":0,"w":600,"h":600,"ip":0,"op":480,"st":0,"bm":0}],"markers":[]}